accuracy,precision,recall,predicted tile,total size
0.945,0.9666666666666667,0.7435897435897436,4.875,3.2345051765441895
0.92,0.9259259259259259,0.6410256410256411,4.875,3.614623546600342
