accuracy,precision,recall,predicted tile,total size
0.895,0.78125,0.6410256410256411,4.875,2.710399866104126
0.9,1.0,0.5,5.0,2.997680425643921
0.96,1.0,0.8,5.0,3.1660377979278564
