accuracy,precision,recall,predicted tile,total size
0.765,0.40476190476190477,0.4358974358974359,4.875,3.509169578552246
