accuracy,precision,recall,predicted tile,total size
0.725,0.2647058823529412,0.23076923076923078,4.875,4.019205570220947
