accuracy,precision,recall,predicted tile,total size
0.825,0.5555555555555556,0.5128205128205128,4.875,3.457122802734375
