accuracy,precision,recall,predicted tile,total size
0.925,0.75,0.9230769230769231,4.875,2.179140329360962
