accuracy,precision,recall,predicted tile,total size
0.895,0.7142857142857143,0.7692307692307693,4.875,2.0190157890319824
