accuracy,precision,recall,predicted tile,total size
0.915,0.7619047619047619,0.8205128205128205,4.875,2.738579511642456
