accuracy,precision,recall,predicted tile,total size
0.775,0.4166666666666667,0.38461538461538464,4.875,2.822786808013916
