accuracy,precision,recall,predicted tile,total size
0.755,0.391304347826087,0.46153846153846156,4.875,2.557018995285034
