accuracy,precision,recall,predicted tile,total size
0.885,0.6904761904761905,0.7435897435897436,4.875,3.693479299545288
