accuracy,precision,recall,predicted tile,total size
0.725,0.3181818181818182,0.358974358974359,4.875,2.3668417930603027
