accuracy,precision,recall,predicted tile,total size
0.895,0.6875,0.8461538461538461,4.875,2.647006034851074
