accuracy,precision,recall,predicted tile,total size
0.81,0.5185185185185185,0.358974358974359,4.875,3.1253039836883545
