accuracy,precision,recall,predicted tile,total size
0.855,0.7083333333333334,0.4358974358974359,4.875,1.9840185642242432
