accuracy,precision,recall,predicted tile,total size
0.915,0.7291666666666666,0.8974358974358975,4.875,2.112027883529663
