accuracy,precision,recall,predicted tile,total size
0.88,1.0,0.38461538461538464,4.875,2.157696008682251
