accuracy,precision,recall,predicted tile,total size
0.835,0.5652173913043478,0.6666666666666666,4.875,2.9193620681762695
