accuracy,precision,recall,predicted tile,total size
0.94,0.8461538461538461,0.8461538461538461,4.875,3.194185972213745
