accuracy,precision,recall,predicted tile,total size
0.805,0.5,0.5384615384615384,4.875,1.8413727283477783
