accuracy,precision,recall,predicted tile,total size
0.91,0.7692307692307693,0.7692307692307693,4.875,3.7709906101226807
