accuracy,precision,recall,predicted tile,total size
0.905,0.7083333333333334,0.8717948717948718,4.875,3.0193779468536377
