accuracy,precision,recall,predicted tile,total size
0.855,0.6388888888888888,0.5897435897435898,4.875,1.9780254364013672
