accuracy,precision,recall,predicted tile,total size
0.945,0.7916666666666666,0.9743589743589743,4.875,2.4641473293304443
