accuracy,precision,recall,predicted tile,total size
0.935,0.8421052631578947,0.8205128205128205,4.875,2.350635528564453
0.88,0.7857142857142857,0.55,5.0,3.0230259895324707
