accuracy,precision,recall,predicted tile,total size
0.825,0.5555555555555556,0.5128205128205128,4.875,2.2721409797668457
0.88,0.7222222222222222,0.65,5.0,2.932640790939331
