accuracy,precision,recall,predicted tile,total size
0.785,0.4444444444444444,0.41025641025641024,4.875,2.1790542602539062
0.91,0.7291666666666666,0.875,5.0,2.7270100116729736
