accuracy,precision,recall,predicted tile,total size
0.835,0.6666666666666666,0.3076923076923077,4.875,2.77099871635437
0.77,0.4117647058823529,0.35,5.0,3.5620083808898926
