accuracy,precision,recall,predicted tile,total size
0.765,0.34615384615384615,0.23076923076923078,4.875,2.9707083702087402
