accuracy,precision,recall,predicted tile,total size
0.855,0.6388888888888888,0.5897435897435898,4.875,1.303004503250122
0.8,0.5,0.325,5.0,1.7105026245117188
