accuracy,precision,recall,predicted tile,total size
0.915,0.7894736842105263,0.7692307692307693,4.875,1.5280091762542725
0.92,0.7727272727272727,0.85,5.0,1.9670379161834717
