accuracy,precision,recall,predicted tile,total size
0.835,0.5833333333333334,0.5384615384615384,4.875,1.4870474338531494
0.925,0.9310344827586207,0.675,5.0,1.9299321174621582
