accuracy,precision,recall,predicted tile,total size
0.865,0.75,0.46153846153846156,4.875,2.5530545711517334
0.86,0.65,0.65,5.0,3.2251474857330322
