accuracy,precision,recall,predicted tile,total size
0.775,0.39285714285714285,0.28205128205128205,4.875,2.824162483215332
0.79,0.47058823529411764,0.4,5.0,4.000444650650024
