accuracy,precision,recall,predicted tile,total size
0.775,0.39285714285714285,0.28205128205128205,4.875,1.207831859588623
0.93,0.9333333333333333,0.7,5.0,1.5657188892364502
