accuracy,precision,recall,predicted tile,total size
0.725,0.32608695652173914,0.38461538461538464,4.875,1.2041749954223633
0.87,0.6666666666666666,0.7,5.0,1.6159720420837402
