accuracy,precision,recall,predicted tile,total size
0.845,1.0,0.20512820512820512,4.875,2.8120100498199463
0.95,1.0,0.7368421052631579,4.75,3.7201101779937744
