accuracy,precision,recall,predicted tile,total size
0.885,0.8076923076923077,0.5384615384615384,4.875,2.4037320613861084
0.87,0.7916666666666666,0.475,5.0,3.0969595909118652
