accuracy,precision,recall,predicted tile,total size
0.705,0.20588235294117646,0.1794871794871795,4.875,1.462007999420166
0.765,0.3333333333333333,0.175,5.0,1.8958768844604492
