accuracy,precision,recall,predicted tile,total size
0.865,0.7,0.5384615384615384,4.875,2.1120009422302246
0.9,0.8571428571428571,0.6,5.0,2.6650919914245605
