accuracy,precision,recall,predicted tile,total size
0.955,0.9411764705882353,0.8205128205128205,4.875,1.589414119720459
0.935,0.90625,0.7435897435897436,4.875,2.036017894744873
