accuracy,precision,recall,predicted tile,total size
0.885,0.9,0.46153846153846156,4.875,1.3430142402648926
0.84,0.59375,0.5,4.75,1.7450079917907715
