accuracy,precision,recall,predicted tile,total size
0.665,0.1111111111111111,0.10256410256410256,4.875,1.9498462677001953
0.85,0.6785714285714286,0.475,5.0,2.4539554119110107
