accuracy,precision,recall,predicted tile,total size
0.785,0.42857142857142855,0.3076923076923077,4.875,1.7898850440979004
0.79,0.4166666666666667,0.125,5.0,2.294520854949951
