accuracy,precision,recall,predicted tile,total size
0.805,0.5,0.3076923076923077,4.875,2.734893560409546
0.85,0.6388888888888888,0.575,5.0,3.488008737564087
