accuracy,precision,recall,predicted tile,total size
0.795,0.47619047619047616,0.5128205128205128,4.875,1.8224706649780273
0.9,0.7083333333333334,0.85,5.0,2.324026107788086
