accuracy,precision,recall,predicted tile,total size
0.815,0.5357142857142857,0.38461538461538464,4.875,1.7408967018127441
0.96,1.0,0.8,5.0,2.2450084686279297
