accuracy,precision,recall,predicted tile,total size
0.845,0.6428571428571429,0.46153846153846156,4.875,2.0585856437683105
0.89,0.75,0.675,5.0,2.5869710445404053
