accuracy,precision,recall,predicted tile,total size
0.76,0.4,0.46153846153846156,4.875,2.620018482208252
0.86,0.7142857142857143,0.5,5.0,3.31099534034729
