accuracy,precision,recall,predicted tile,total size
0.745,0.3695652173913043,0.4358974358974359,4.875,2.471550941467285
0.94,0.9375,0.75,5.0,3.156343936920166
