accuracy,precision,recall,predicted tile,total size
0.685,0.14705882352941177,0.1282051282051282,4.875,1.998779535293579
0.92,0.7727272727272727,0.85,5.0,2.5061428546905518
