accuracy,precision,recall,predicted tile,total size
0.875,0.71875,0.5897435897435898,4.875,1.3882536888122559
0.94,0.9375,0.75,5.0,1.5303494930267334
