accuracy,precision,recall,predicted tile,total size
0.72,0.0,0.0,4.875,1.113731861114502
0.76,0.38235294117647056,0.325,5.0,1.4651379585266113
