accuracy,precision,recall,predicted tile,total size
0.745,0.25,0.15384615384615385,4.875,2.2212958335876465
0.8,0.5,0.6,5.0,2.834280490875244
