accuracy,precision,recall,predicted tile,total size
0.875,0.7333333333333333,0.5641025641025641,4.875,1.4111814498901367
0.83,0.65,0.325,5.0,1.8469438552856445
