accuracy,precision,recall,predicted tile,total size
0.805,0.5,0.358974358974359,4.875,2.9103965759277344
0.82,0.5625,0.45,5.0,4.049381494522095
