accuracy,precision,recall,predicted tile,total size
0.905,0.7941176470588235,0.6923076923076923,4.875,1.6829993724822998
0.71,0.25,0.225,5.0,2.17523455619812
