accuracy,precision,recall,predicted tile,total size
0.815,0.5277777777777778,0.48717948717948717,4.875,1.2493622303009033
0.83,0.5789473684210527,0.55,5.0,1.6672921180725098
