accuracy,precision,recall,predicted tile,total size
0.905,0.7380952380952381,0.7948717948717948,4.875,3.926229953765869
0.88,0.6666666666666666,0.8,5.0,1.3800959587097168
