accuracy,precision,recall,predicted tile,total size
0.855,0.65625,0.5384615384615384,4.875,1.357849359512329
0.81,0.5333333333333333,0.4,5.0,1.811265230178833
