accuracy,precision,recall,predicted tile,total size
0.915,0.8055555555555556,0.7435897435897436,4.875,1.631009817123413
0.84,0.5833333333333334,0.7,5.0,2.0850274562835693
