accuracy,precision,recall,predicted tile,total size
0.835,0.7142857142857143,0.2564102564102564,4.875,2.699932336807251
0.87,0.71875,0.575,5.0,3.4032797813415527
