accuracy,precision,recall,predicted tile,total size
0.875,0.75,0.5384615384615384,4.875,1.9094581604003906
0.78,0.4,0.2,5.0,2.420018196105957
